{
  "continent": "Africa",
  "regions": {
    "North Africa": [
      {
        "country": "Algeria",
        "flag": "🇩🇿",
        "capital": "Algiers"
      },
      {
        "country": "Egypt",
        "flag": "🇪🇬",
        "capital": "Cairo"
      },
      {
        "country": "Libya",
        "flag": "🇱🇾",
        "capital": "Tripoli"
      },
      {
        "country": "Morocco",
        "flag": "🇲🇦",
        "capital": "Rabat"
      },
      {
        "country": "Sudan",
        "flag": "🇸🇩",
        "capital": "Khartoum"
      },
      {
        "country": "Tunisia",
        "flag": "🇹🇳",
        "capital": "Tunis"
      }
    ],

    "West Africa": [
      {
        "country": "Benin",
        "flag": "🇧🇯",
        "capital": "Porto-Novo"
      },
      {
        "country": "Burkina Faso",
        "flag": "🇧🇫",
        "capital": "Ouagadougou"
      },
      {
        "country": "Cape Verde",
        "flag": "🇨🇻",
        "capital": "Praia"
      },
      {
        "country": "Côte d’Ivoire",
        "flag": "🇨🇮",
        "capital": "Yamoussoukro"
      },
      {
        "country": "Ghana",
        "flag": "🇬🇭",
        "capital": "Accra"
      },
      {
        "country": "Guinea",
        "flag": "🇬🇳",
        "capital": "Conakry"
      },
      {
        "country": "Liberia",
        "flag": "🇱🇷",
        "capital": "Monrovia"
      },
      {
        "country": "Mali",
        "flag": "🇲🇱",
        "capital": "Bamako"
      },
      {
        "country": "Nigeria",
        "flag": "🇳🇬",
        "capital": "Abuja"
      },
      {
        "country": "Senegal",
        "flag": "🇸🇳",
        "capital": "Dakar"
      },
      {
        "country": "Sierra Leone",
        "flag": "🇸🇱",
        "capital": "Freetown"
      },
      {
        "country": "Togo",
        "flag": "🇹🇬",
        "capital": "Lomé"
      }
    ],

    "Central Africa": [
      {
        "country": "Cameroon",
        "flag": "🇨🇲",
        "capital": "Yaoundé"
      },
      {
        "country": "Central African Republic",
        "flag": "🇨🇫",
        "capital": "Bangui"
      },
      {
        "country": "Chad",
        "flag": "🇹🇩",
        "capital": "N'Djamena"
      },
      {
        "country": "Republic of the Congo",
        "flag": "🇨🇬",
        "capital": "Brazzaville"
      },
      {
        "country": "Democratic Republic of the Congo",
        "flag": "🇨🇩",
        "capital": "Kinshasa"
      },
      {
        "country": "Equatorial Guinea",
        "flag": "🇬🇶",
        "capital": "Malabo"
      },
      {
        "country": "Gabon",
        "flag": "🇬🇦",
        "capital": "Libreville"
      }
    ],

    "East Africa": [
      {
        "country": "Burundi",
        "flag": "🇧🇮",
        "capital": "Gitega"
      },
      {
        "country": "Comoros",
        "flag": "🇰🇲",
        "capital": "Moroni"
      },
      {
        "country": "Djibouti",
        "flag": "🇩🇯",
        "capital": "Djibouti"
      },
      {
        "country": "Ethiopia",
        "flag": "🇪🇹",
        "capital": "Addis Ababa"
      },
      {
        "country": "Kenya",
        "flag": "🇰🇪",
        "capital": "Nairobi"
      },
      {
        "country": "Rwanda",
        "flag": "🇷🇼",
        "capital": "Kigali"
      },
      {
        "country": "Somalia",
        "flag": "🇸🇴",
        "capital": "Mogadishu"
      },
      {
        "country": "Tanzania",
        "flag": "🇹🇿",
        "capital": "Dodoma"
      },
      {
        "country": "Uganda",
        "flag": "🇺🇬",
        "capital": "Kampala"
      }
    ],

    "Southern Africa": [
      {
        "country": "Angola",
        "flag": "🇦🇴",
        "capital": "Luanda"
      },
      {
        "country": "Botswana",
        "flag": "🇧🇼",
        "capital": "Gaborone"
      },
      {
        "country": "Eswatini",
        "flag": "🇸🇿",
        "capital": "Mbabane"
      },
      {
        "country": "Lesotho",
        "flag": "🇱🇸",
        "capital": "Maseru"
      },
      {
        "country": "Malawi",
        "flag": "🇲🇼",
        "capital": "Lilongwe"
      },
      {
        "country": "Mozambique",
        "flag": "🇲🇿",
        "capital": "Maputo"
      },
      {
        "country": "Namibia",
        "flag": "🇳🇦",
        "capital": "Windhoek"
      },
      {
        "country": "South Africa",
        "flag": "🇿🇦",
        "capital": "Pretoria"
      },
      {
        "country": "Zambia",
        "flag": "🇿🇲",
        "capital": "Lusaka"
      },
      {
        "country": "Zimbabwe",
        "flag": "🇿🇼",
        "capital": "Harare"
      }
    ]
  }
}
