{
  "continent": "Americas",
  "regions": {
    "North America": [
      { "country": "Canada", "flag": "🇨🇦", "capital": "Ottawa" },
      { "country": "Mexico", "flag": "🇲🇽", "capital": "Mexico City" },
      { "country": "United States", "flag": "🇺🇸", "capital": "Washington, D.C." }
    ],

    "Central America": [
      { "country": "Belize", "flag": "🇧🇿", "capital": "Belmopan" },
      { "country": "Costa Rica", "flag": "🇨🇷", "capital": "San José" },
      { "country": "El Salvador", "flag": "🇸🇻", "capital": "San Salvador" },
      { "country": "Guatemala", "flag": "🇬🇹", "capital": "Guatemala City" },
      { "country": "Honduras", "flag": "🇭🇳", "capital": "Tegucigalpa" },
      { "country": "Nicaragua", "flag": "🇳🇮", "capital": "Managua" },
      { "country": "Panama", "flag": "🇵🇦", "capital": "Panama City" }
    ],

    "Caribbean": [
      { "country": "Antigua and Barbuda", "flag": "🇦🇬", "capital": "Saint John's" },
      { "country": "Bahamas", "flag": "🇧🇸", "capital": "Nassau" },
      { "country": "Barbados", "flag": "🇧🇧", "capital": "Bridgetown" },
      { "country": "Cuba", "flag": "🇨🇺", "capital": "Havana" },
      { "country": "Dominica", "flag": "🇩🇲", "capital": "Roseau" },
      { "country": "Dominican Republic", "flag": "🇩🇴", "capital": "Santo Domingo" },
      { "country": "Grenada", "flag": "🇬🇩", "capital": "Saint George's" },
      { "country": "Haiti", "flag": "🇭🇹", "capital": "Port-au-Prince" },
      { "country": "Jamaica", "flag": "🇯🇲", "capital": "Kingston" },
      { "country": "Saint Kitts and Nevis", "flag": "🇰🇳", "capital": "Basseterre" },
      { "country": "Saint Lucia", "flag": "🇱🇨", "capital": "Castries" },
      { "country": "Saint Vincent and the Grenadines", "flag": "🇻🇨", "capital": "Kingstown" },
      { "country": "Trinidad and Tobago", "flag": "🇹🇹", "capital": "Port of Spain" }
    ],

    "South America": [
      { "country": "Argentina", "flag": "🇦🇷", "capital": "Buenos Aires" },
      { "country": "Bolivia", "flag": "🇧🇴", "capital": "Sucre" },
      { "country": "Brazil", "flag": "🇧🇷", "capital": "Brasília" },
      { "country": "Chile", "flag": "🇨🇱", "capital": "Santiago" },
      { "country": "Colombia", "flag": "🇨🇴", "capital": "Bogotá" },
      { "country": "Ecuador", "flag": "🇪🇨", "capital": "Quito" },
      { "country": "Guyana", "flag": "🇬🇾", "capital": "Georgetown" },
      { "country": "Paraguay", "flag": "🇵🇾", "capital": "Asunción" },
      { "country": "Peru", "flag": "🇵🇪", "capital": "Lima" },
      { "country": "Suriname", "flag": "🇸🇷", "capital": "Paramaribo" },
      { "country": "Uruguay", "flag": "🇺🇾", "capital": "Montevideo" },
      { "country": "Venezuela", "flag": "🇻🇪", "capital": "Caracas" }
    ]
  }
}
