{
  "continent": "Asia",
  "regions": {
    "West Asia": [
      { "country": "Armenia", "flag": "🇦🇲", "capital": "Yerevan" },
      { "country": "Azerbaijan", "flag": "🇦🇿", "capital": "Baku" },
      { "country": "Bahrain", "flag": "🇧🇭", "capital": "Manama" },
      { "country": "Cyprus", "flag": "🇨🇾", "capital": "Nicosia" },
      { "country": "Georgia", "flag": "🇬🇪", "capital": "Tbilisi" },
      { "country": "Iraq", "flag": "🇮🇶", "capital": "Baghdad" },
      { "country": "Israel", "flag": "🇮🇱", "capital": "Jerusalem" },
      { "country": "Jordan", "flag": "🇯🇴", "capital": "Amman" },
      { "country": "Kuwait", "flag": "🇰🇼", "capital": "Kuwait City" },
      { "country": "Lebanon", "flag": "🇱🇧", "capital": "Beirut" },
      { "country": "Oman", "flag": "🇴🇲", "capital": "Muscat" },
      { "country": "Qatar", "flag": "🇶🇦", "capital": "Doha" },
      { "country": "Saudi Arabia", "flag": "🇸🇦", "capital": "Riyadh" },
      { "country": "Syria", "flag": "🇸🇾", "capital": "Damascus" },
      { "country": "Türkiye", "flag": "🇹🇷", "capital": "Ankara" },
      { "country": "United Arab Emirates", "flag": "🇦🇪", "capital": "Abu Dhabi" },
      { "country": "Yemen", "flag": "🇾🇪", "capital": "Sana'a" }
    ],

    "Central Asia": [
      { "country": "Kazakhstan", "flag": "🇰🇿", "capital": "Astana" },
      { "country": "Kyrgyzstan", "flag": "🇰🇬", "capital": "Bishkek" },
      { "country": "Tajikistan", "flag": "🇹🇯", "capital": "Dushanbe" },
      { "country": "Turkmenistan", "flag": "🇹🇲", "capital": "Ashgabat" },
      { "country": "Uzbekistan", "flag": "🇺🇿", "capital": "Tashkent" }
    ],

    "South Asia": [
      { "country": "Afghanistan", "flag": "🇦🇫", "capital": "Kabul" },
      { "country": "Bangladesh", "flag": "🇧🇩", "capital": "Dhaka" },
      { "country": "Bhutan", "flag": "🇧🇹", "capital": "Thimphu" },
      { "country": "India", "flag": "🇮🇳", "capital": "New Delhi" },
      { "country": "Maldives", "flag": "🇲🇻", "capital": "Malé" },
      { "country": "Nepal", "flag": "🇳🇵", "capital": "Kathmandu" },
      { "country": "Pakistan", "flag": "🇵🇰", "capital": "Islamabad" },
      { "country": "Sri Lanka", "flag": "🇱🇰", "capital": "Sri Jayawardenepura Kotte" }
    ],

    "East Asia": [
      { "country": "China", "flag": "🇨🇳", "capital": "Beijing" },
      { "country": "Japan", "flag": "🇯🇵", "capital": "Tokyo" },
      { "country": "Mongolia", "flag": "🇲🇳", "capital": "Ulaanbaatar" },
      { "country": "North Korea", "flag": "🇰🇵", "capital": "Pyongyang" },
      { "country": "South Korea", "flag": "🇰🇷", "capital": "Seoul" },
      { "country": "Taiwan", "flag": "🇹🇼", "capital": "Taipei" }
    ],

    "Southeast Asia": [
      { "country": "Brunei", "flag": "🇧🇳", "capital": "Bandar Seri Begawan" },
      { "country": "Cambodia", "flag": "🇰🇭", "capital": "Phnom Penh" },
      { "country": "Indonesia", "flag": "🇮🇩", "capital": "Jakarta" },
      { "country": "Laos", "flag": "🇱🇦", "capital": "Vientiane" },
      { "country": "Malaysia", "flag": "🇲🇾", "capital": "Kuala Lumpur" },
      { "country": "Myanmar", "flag": "🇲🇲", "capital": "Naypyidaw" },
      { "country": "Philippines", "flag": "🇵🇭", "capital": "Manila" },
      { "country": "Singapore", "flag": "🇸🇬", "capital": "Singapore" },
      { "country": "Thailand", "flag": "🇹🇭", "capital": "Bangkok" },
      { "country": "Timor-Leste", "flag": "🇹🇱", "capital": "Dili" },
      { "country": "Vietnam", "flag": "🇻🇳", "capital": "Hanoi" }
    ]
  }
}
