{
  "metadata": {
    "source": "Compiled from open geographic datasets (public domain / CC0)",
    "note": "Coordinates represent capital city locations",
    "format": "decimal degrees"
  },
  "countries": [
    { "country": "Afghanistan", "capital": "Kabul", "flag": "🇦🇫", "lat": 34.5553, "lng": 69.2075 },
    { "country": "Albania", "capital": "Tirana", "flag": "🇦🇱", "lat": 41.3275, "lng": 19.8187 },
    { "country": "Algeria", "capital": "Algiers", "flag": "🇩🇿", "lat": 36.7538, "lng": 3.0588 },
    { "country": "Andorra", "capital": "Andorra la Vella", "flag": "🇦🇩", "lat": 42.5063, "lng": 1.5218 },
    { "country": "Angola", "capital": "Luanda", "flag": "🇦🇴", "lat": -8.8390, "lng": 13.2894 },
    { "country": "Argentina", "capital": "Buenos Aires", "flag": "🇦🇷", "lat": -34.6037, "lng": -58.3816 },
    { "country": "Australia", "capital": "Canberra", "flag": "🇦🇺", "lat": -35.2809, "lng": 149.1300 },
    { "country": "Austria", "capital": "Vienna", "flag": "🇦🇹", "lat": 48.2082, "lng": 16.3738 },
    { "country": "Bahamas", "capital": "Nassau", "flag": "🇧🇸", "lat": 25.0443, "lng": -77.3504 },
    { "country": "Bangladesh", "capital": "Dhaka", "flag": "🇧🇩", "lat": 23.8103, "lng": 90.4125 },
    { "country": "Belgium", "capital": "Brussels", "flag": "🇧🇪", "lat": 50.8503, "lng": 4.3517 },
    { "country": "Benin", "capital": "Porto-Novo", "flag": "🇧🇯", "lat": 6.4969, "lng": 2.6289 },
    { "country": "Bolivia", "capital": "Sucre", "flag": "🇧🇴", "lat": -19.0196, "lng": -65.2619 },
    { "country": "Botswana", "capital": "Gaborone", "flag": "🇧🇼", "lat": -24.6282, "lng": 25.9231 },
    { "country": "Brazil", "capital": "Brasília", "flag": "🇧🇷", "lat": -15.7939, "lng": -47.8828 },
    { "country": "Bulgaria", "capital": "Sofia", "flag": "🇧🇬", "lat": 42.6977, "lng": 23.3219 },
    { "country": "Cambodia", "capital": "Phnom Penh", "flag": "🇰🇭", "lat": 11.5564, "lng": 104.9282 },
    { "country": "Cameroon", "capital": "Yaoundé", "flag": "🇨🇲", "lat": 3.8480, "lng": 11.5021 },
    { "country": "Canada", "capital": "Ottawa", "flag": "🇨🇦", "lat": 45.4215, "lng": -75.6972 },
    { "country": "Chile", "capital": "Santiago", "flag": "🇨🇱", "lat": -33.4489, "lng": -70.6693 },
    { "country": "China", "capital": "Beijing", "flag": "🇨🇳", "lat": 39.9042, "lng": 116.4074 },
    { "country": "Colombia", "capital": "Bogotá", "flag": "🇨🇴", "lat": 4.7110, "lng": -74.0721 },
    { "country": "Costa Rica", "capital": "San José", "flag": "🇨🇷", "lat": 9.9281, "lng": -84.0907 },
    { "country": "Croatia", "capital": "Zagreb", "flag": "🇭🇷", "lat": 45.8150, "lng": 15.9819 },
    { "country": "Cuba", "capital": "Havana", "flag": "🇨🇺", "lat": 23.1136, "lng": -82.3666 },
    { "country": "Czech Republic", "capital": "Prague", "flag": "🇨🇿", "lat": 50.0755, "lng": 14.4378 },
    { "country": "Denmark", "capital": "Copenhagen", "flag": "🇩🇰", "lat": 55.6761, "lng": 12.5683 },
    { "country": "Egypt", "capital": "Cairo", "flag": "🇪🇬", "lat": 30.0444, "lng": 31.2357 },
    { "country": "Ethiopia", "capital": "Addis Ababa", "flag": "🇪🇹", "lat": 8.9806, "lng": 38.7578 },
    { "country": "Finland", "capital": "Helsinki", "flag": "🇫🇮", "lat": 60.1699, "lng": 24.9384 },
    { "country": "France", "capital": "Paris", "flag": "🇫🇷", "lat": 48.8566, "lng": 2.3522 },
    { "country": "Germany", "capital": "Berlin", "flag": "🇩🇪", "lat": 52.5200, "lng": 13.4050 },
    { "country": "Ghana", "capital": "Accra", "flag": "🇬🇭", "lat": 5.6037, "lng": -0.1870 },
    { "country": "Greece", "capital": "Athens", "flag": "🇬🇷", "lat": 37.9838, "lng": 23.7275 },
    { "country": "Hungary", "capital": "Budapest", "flag": "🇭🇺", "lat": 47.4979, "lng": 19.0402 },
    { "country": "India", "capital": "New Delhi", "flag": "🇮🇳", "lat": 28.6139, "lng": 77.2090 },
    { "country": "Indonesia", "capital": "Jakarta", "flag": "🇮🇩", "lat": -6.2088, "lng": 106.8456 },
    { "country": "Ireland", "capital": "Dublin", "flag": "🇮🇪", "lat": 53.3498, "lng": -6.2603 },
    { "country": "Israel", "capital": "Jerusalem", "flag": "🇮🇱", "lat": 31.7683, "lng": 35.2137 },
    { "country": "Italy", "capital": "Rome", "flag": "🇮🇹", "lat": 41.9028, "lng": 12.4964 },
    { "country": "Japan", "capital": "Tokyo", "flag": "🇯🇵", "lat": 35.6895, "lng": 139.6917 },
    { "country": "Kenya", "capital": "Nairobi", "flag": "🇰🇪", "lat": -1.2921, "lng": 36.8219 },
    { "country": "Mexico", "capital": "Mexico City", "flag": "🇲🇽", "lat": 19.4326, "lng": -99.1332 },
    { "country": "Netherlands", "capital": "Amsterdam", "flag": "🇳🇱", "lat": 52.3676, "lng": 4.9041 },
    { "country": "New Zealand", "capital": "Wellington", "flag": "🇳🇿", "lat": -41.2865, "lng": 174.7762 },
    { "country": "Nigeria", "capital": "Abuja", "flag": "🇳🇬", "lat": 9.0765, "lng": 7.3986 },
    { "country": "Norway", "capital": "Oslo", "flag": "🇳🇴", "lat": 59.9139, "lng": 10.7522 },
    { "country": "Pakistan", "capital": "Islamabad", "flag": "🇵🇰", "lat": 33.6844, "lng": 73.0479 },
    { "country": "Poland", "capital": "Warsaw", "flag": "🇵🇱", "lat": 52.2297, "lng": 21.0122 },
    { "country": "Portugal", "capital": "Lisbon", "flag": "🇵🇹", "lat": 38.7223, "lng": -9.1393 },
    { "country": "Russia", "capital": "Moscow", "flag": "🇷🇺", "lat": 55.7558, "lng": 37.6173 },
    { "country": "South Africa", "capital": "Pretoria", "flag": "🇿🇦", "lat": -25.7479, "lng": 28.2293 },
    { "country": "Spain", "capital": "Madrid", "flag": "🇪🇸", "lat": 40.4168, "lng": -3.7038 },
    { "country": "Sweden", "capital": "Stockholm", "flag": "🇸🇪", "lat": 59.3293, "lng": 18.0686 },
    { "country": "Switzerland", "capital": "Bern", "flag": "🇨🇭", "lat": 46.9480, "lng": 7.4474 },
    { "country": "United Kingdom", "capital": "London", "flag": "🇬🇧", "lat": 51.5074, "lng": -0.1278 },
    { "country": "United States", "capital": "Washington, D.C.", "flag": "🇺🇸", "lat": 38.9072, "lng": -77.0369 },
    { "country": "Zimbabwe", "capital": "Harare", "flag": "🇿🇼", "lat": -17.8252, "lng": 31.0335 }
  ]
}
