{
  "continent": "Europe",
  "regions": {
    "Northern Europe": [
      {
        "country": "Denmark",
        "flag": "🇩🇰",
        "capital": "Copenhagen"
      },
      {
        "country": "Estonia",
        "flag": "🇪🇪",
        "capital": "Tallinn"
      },
      {
        "country": "Finland",
        "flag": "🇫🇮",
        "capital": "Helsinki"
      },
      {
        "country": "Iceland",
        "flag": "🇮🇸",
        "capital": "Reykjavík"
      },
      {
        "country": "Ireland",
        "flag": "🇮🇪",
        "capital": "Dublin"
      },
      {
        "country": "Latvia",
        "flag": "🇱🇻",
        "capital": "Riga"
      },
      {
        "country": "Lithuania",
        "flag": "🇱🇹",
        "capital": "Vilnius"
      },
      {
        "country": "Norway",
        "flag": "🇳🇴",
        "capital": "Oslo"
      },
      {
        "country": "Sweden",
        "flag": "🇸🇪",
        "capital": "Stockholm"
      },
      {
        "country": "United Kingdom",
        "flag": "🇬🇧",
        "capital": "London"
      }
    ],

    "Western Europe": [
      {
        "country": "Austria",
        "flag": "🇦🇹",
        "capital": "Vienna"
      },
      {
        "country": "Belgium",
        "flag": "🇧🇪",
        "capital": "Brussels"
      },
      {
        "country": "France",
        "flag": "🇫🇷",
        "capital": "Paris"
      },
      {
        "country": "Germany",
        "flag": "🇩🇪",
        "capital": "Berlin"
      },
      {
        "country": "Liechtenstein",
        "flag": "🇱🇮",
        "capital": "Vaduz"
      },
      {
        "country": "Luxembourg",
        "flag": "🇱🇺",
        "capital": "Luxembourg"
      },
      {
        "country": "Monaco",
        "flag": "🇲🇨",
        "capital": "Monaco"
      },
      {
        "country": "Netherlands",
        "flag": "🇳🇱",
        "capital": "Amsterdam"
      },
      {
        "country": "Switzerland",
        "flag": "🇨🇭",
        "capital": "Bern"
      }
    ],

    "Southern Europe": [
      {
        "country": "Albania",
        "flag": "🇦🇱",
        "capital": "Tirana"
      },
      {
        "country": "Andorra",
        "flag": "🇦🇩",
        "capital": "Andorra la Vella"
      },
      {
        "country": "Bosnia and Herzegovina",
        "flag": "🇧🇦",
        "capital": "Sarajevo"
      },
      {
        "country": "Croatia",
        "flag": "🇭🇷",
        "capital": "Zagreb"
      },
      {
        "country": "Greece",
        "flag": "🇬🇷",
        "capital": "Athens"
      },
      {
        "country": "Italy",
        "flag": "🇮🇹",
        "capital": "Rome"
      },
      {
        "country": "Malta",
        "flag": "🇲🇹",
        "capital": "Valletta"
      },
      {
        "country": "Montenegro",
        "flag": "🇲🇪",
        "capital": "Podgorica"
      },
      {
        "country": "Portugal",
        "flag": "🇵🇹",
        "capital": "Lisbon"
      },
      {
        "country": "San Marino",
        "flag": "🇸🇲",
        "capital": "San Marino"
      },
      {
        "country": "Serbia",
        "flag": "🇷🇸",
        "capital": "Belgrade"
      },
      {
        "country": "Slovenia",
        "flag": "🇸🇮",
        "capital": "Ljubljana"
      },
      {
        "country": "Spain",
        "flag": "🇪🇸",
        "capital": "Madrid"
      },
      {
        "country": "Vatican City",
        "flag": "🇻🇦",
        "capital": "Vatican City"
      }
    ],

    "Eastern Europe": [
      {
        "country": "Belarus",
        "flag": "🇧🇾",
        "capital": "Minsk"
      },
      {
        "country": "Bulgaria",
        "flag": "🇧🇬",
        "capital": "Sofia"
      },
      {
        "country": "Czech Republic",
        "flag": "🇨🇿",
        "capital": "Prague"
      },
      {
        "country": "Hungary",
        "flag": "🇭🇺",
        "capital": "Budapest"
      },
      {
        "country": "Moldova",
        "flag": "🇲🇩",
        "capital": "Chișinău"
      },
      {
        "country": "Poland",
        "flag": "🇵🇱",
        "capital": "Warsaw"
      },
      {
        "country": "Romania",
        "flag": "🇷🇴",
        "capital": "Bucharest"
      },
      {
        "country": "Russia",
        "flag": "🇷🇺",
        "capital": "Moscow"
      },
      {
        "country": "Slovakia",
        "flag": "🇸🇰",
        "capital": "Bratislava"
      },
      {
        "country": "Ukraine",
        "flag": "🇺🇦",
        "capital": "Kyiv"
      }
    ]
  }
}
