{
  "continent": "Oceania",
  "regions": {
    "Australia and New Zealand": [
      { "country": "Australia", "flag": "🇦🇺", "capital": "Canberra" },
      { "country": "New Zealand", "flag": "🇳🇿", "capital": "Wellington" }
    ],

    "Melanesia": [
      { "country": "Fiji", "flag": "🇫🇯", "capital": "Suva" },
      { "country": "Papua New Guinea", "flag": "🇵🇬", "capital": "Port Moresby" },
      { "country": "Solomon Islands", "flag": "🇸🇧", "capital": "Honiara" },
      { "country": "Vanuatu", "flag": "🇻🇺", "capital": "Port Vila" }
    ],

    "Micronesia": [
      { "country": "Federated States of Micronesia", "flag": "🇫🇲", "capital": "Palikir" },
      { "country": "Kiribati", "flag": "🇰🇮", "capital": "South Tarawa" },
      { "country": "Marshall Islands", "flag": "🇲🇭", "capital": "Majuro" },
      { "country": "Nauru", "flag": "🇳🇷", "capital": "Yaren" },
      { "country": "Palau", "flag": "🇵🇼", "capital": "Ngerulmud" }
    ],

    "Polynesia": [
      { "country": "Samoa", "flag": "🇼🇸", "capital": "Apia" },
      { "country": "Tonga", "flag": "🇹🇴", "capital": "Nukuʻalofa" },
      { "country": "Tuvalu", "flag": "🇹🇻", "capital": "Funafuti" }
    ]
  }
}
